elements/87186432640.jpg;1
elements/5402830.jpg;1
elements/8419050-1.jpg;1
elements/8419050-2.jpg;2
elements/200025383.jpg;1
elements/200025382-1.jpg;1
elements/200025382-2.jpg;1
elements/200025382-3.jpg;1
elements/3202520.jpg;1
elements/710048500-1.jpg;1
elements/710048500-2.jpg;2
elements/3602460-1.jpg;1
elements/3602460-2.jpg;2
elements/3602460-3.jpg;3
elements/8434550.jpg;1
elements/2060307-1.jpg;1
elements/2060307-2.jpg;2
elements/HZ27.jpg;1
elements/50101015-1.jpg;1
elements/50101015-2.jpg;1
elements/39804010LAM-1.jpg;1
elements/39804010LAM-2.jpg;1
elements/39804010LAM-3.jpg;1
elements/39804010LAM-4.jpg;1
elements/39804010LAM-5.jpg;1
elements/1_024_398-1.jpg;1
elements/1_024_398-2.jpg;3
elements/1_024_398-3.jpg;4
elements/995367.jpg;999
elements/65104333-12.jpg;1
